first_name,last_name,job_title,department,email,address,phone_number,salary,password
Brianna,Johnson,Advertising copywriter,Production manager,gomezcarrie@example.net,North Tara,+1-620-823-1255x628,55383,U5cvLij3
Lauren,Ramirez,Air cabin crew,Clinical embryologist,woodschloe@example.com,East Christopher,418.706.1111,88538,3QgjVA1K
Leslie,Ryan,Ceramics designer,"Restaurant manager, fast food",bjenkins@example.com,Nielsenburgh,(817)652-4831x5975,11273,tCJmcmfF
Brian,Mitchell,Chartered public finance accountant,"Surveyor, mining",bkim@example.com,Lake Ryan,735.915.3474x58336,19382,sina7ASp
Nancy,Perez,Chartered accountant,Arboriculturist,nicholas47@example.com,Lake Thomas,251-812-3578,839,QYiApT03
Mary,Anderson,Biomedical scientist,Financial trader,joneslaura@example.org,Jonesland,204.890.2663x62073,45963,wq4wlT6j
Mary,Shields,Corporate treasurer,Licensed conveyancer,sean17@example.com,West Nicholas,+1-860-508-3158x5438,26666,mAeUSElP
Laura,Moyer,Cabin crew,Field trials officer,fsmith@example.com,South Kennethfort,(353)367-0452,16176,CxM9mXYG
Amy,Wilson,Retail merchandiser,Television/film/video producer,oliverlarry@example.com,North Ashleymouth,374-785-2982x572,72247,mY7NMFRZ
Elizabeth,Perez,Geophysicist/field seismologist,Sales executive,bonillajennifer@example.com,Andrewland,408.461.7843x7560,44573,NBx4OpoI
Brent,Clay,Volunteer coordinator,Economist,hmccoy@example.net,Jacobborough,(247)838-4943x2832,42253,02WhOKuP
Angel,Short,Financial planner,Amenity horticulturist,kristopher76@example.org,Danielborough,(310)470-3655x949,92926,haDLuF5o
Donna,Lawson,Chartered management accountant,Microbiologist,youngcarol@example.org,Gonzalezport,(979)986-5602x8209,70596,IyR7OKoy
Sherry,Adams,Architectural technologist,Recycling officer,omartinez@example.com,Carlsonborough,(568)205-3089x5344,97307,SgkcBbOX
Veronica,Murray,"Engineer, manufacturing",Minerals surveyor,jonesamy@example.com,Nicholasberg,783.946.7810x55469,95631,nVVZ7ZO2
Peter,Hudson,"Therapist, sports",Museum education officer,kellycollins@example.com,Scottburgh,(480)946-1870,25972,kLZl3pGx
Jeffrey,Hayes,"Designer, ceramics/pottery",Music therapist,matthew10@example.net,North John,446-413-5908,77961,CTLLJMs9
Warren,Brown,"Scientist, marine","Teacher, early years/pre",vhenderson@example.net,South Teresaton,001-750-830-6339,14814,OuzYiYUS
John,Silva,"Merchandiser, retail",Chief Marketing Officer,shannonnorman@example.org,Schmidtville,4349170864,22643,kWDR6Jt0
Tyler,Kim,Occupational psychologist,Physiological scientist,michael70@example.net,Bakerstad,600-807-5010,90110,ZZkso202
David,Oneill,Dramatherapist,Advertising copywriter,bortiz@example.com,Richardton,354.748.0933x5700,44542,bmIm6yue
Carl,Smith,"Sales professional, IT",Physiological scientist,kennethvasquez@example.org,New Gregoryside,(655)600-0073x7487,57647,YE6vXmFm
Taylor,Benjamin,Special effects artist,Financial adviser,gomezrobert@example.org,Charlesborough,(724)255-8538x634,47827,jInm5uaL
Victoria,Cole,"Programme researcher, broadcasting/film/video",Oceanographer,upalmer@example.com,Penaton,(284)838-0497x017,29670,uSk0Kcf0
John,Campbell,Control and instrumentation engineer,Barrister,abigailhubbard@example.net,Michaelton,371-827-9204x04623,50633,4NmH31eu
Joshua,Davidson,Dance movement psychotherapist,Structural engineer,nbrown@example.net,Chrishaven,001-321-708-4071x6108,69753,dutw5Ya5
Vanessa,Weiss,Patent examiner,Cartographer,jacksoneric@example.net,Stephanieville,4363857256,80998,j2pKUXcH
Connie,Bailey,Heritage manager,Electronics engineer,michael05@example.com,Pattersonfort,478.279.8569,16918,ZwEMhA9a
Gabriel,Nielsen,Dealer,International aid/development worker,flee@example.org,West Kaylabury,6077772883,45604,zK5UUI53
Joseph,Fowler,Special educational needs teacher,Careers information officer,bradley97@example.org,Patriciaport,969.475.1180,32893,XPHXnvwX
John,Marquez,Corporate treasurer,"Engineer, civil (consulting)",ohammond@example.org,Jimenezton,5539315982,13638,NLtxhX6Y
Kenneth,Bray,Financial trader,Archivist,kristina18@example.org,Grayberg,335-797-1365,99934,kS3oEpjl
Brent,Bernard,Environmental education officer,Physiotherapist,wilsonmichael@example.com,Port Juan,(652)973-7855,62780,z706EK2X
Michael,Webster,Chartered accountant,Actuary,mbuchanan@example.net,West Sarahhaven,324-709-7417x1980,58172,lBwkCgml
Ashley,Gamble,Nutritional therapist,Geochemist,ahunter@example.com,Lake Reginaldton,001-494-568-3120x950,21606,8Lx7mBEl
Rebecca,Mathis,Illustrator,"Teacher, primary school",jasminecampos@example.org,Knightland,870.334.3370,39458,EUQ5NK9o
Christine,Stevenson,Medical laboratory scientific officer,Tax adviser,brownstephanie@example.com,North Tammyland,+1-448-765-2345,11727,pC7nLWZS
William,Gaines,Race relations officer,Management consultant,kathy89@example.net,Knightmouth,001-684-841-3588,9162,Sb5Q11wp
Dalton,Taylor,Orthoptist,Tax inspector,william34@example.org,Tracyshire,854-297-7614x706,64229,9rVhRXBf
Crystal,Henderson,Architectural technologist,Barrister,michael51@example.org,North Bethany,001-782-893-3781x3415,66277,mMYuFGRI
Michael,Thomas,"Teacher, adult education",Claims inspector/assessor,david86@example.org,West Maria,+1-665-497-2418,63082,MMwGocZn
Benjamin,Davenport,Operational researcher,Editorial assistant,moralesjasmine@example.com,Allenchester,(223)642-5092x51025,55538,LyRwJ9ob
Jacqueline,Mcclain,"Journalist, magazine",Tourist information centre manager,stevensfelicia@example.org,Browningview,925.772.7606x4224,9150,MLvtmlDG
Austin,Cunningham,Financial adviser,Naval architect,nicole14@example.org,Lake Janiceshire,690-282-6816,16820,RFQcfSDk
Kimberly,Smith,"Therapist, speech and language","Doctor, general practice",fhayes@example.org,Riceside,357-406-6909x91114,92036,orfxYoU8
Dean,Bennett,Soil scientist,"Surveyor, hydrographic",davisamy@example.com,South Lindsayville,+1-508-713-6601x6804,22581,haAkUtSC
Margaret,Pace,Television floor manager,Counsellor,twhite@example.com,Bellchester,219-561-6111,23813,pQ8jmSwv
Barry,Nguyen,Pension scheme manager,Environmental health practitioner,jwebb@example.com,West Christopher,925-845-6372,6684,AS1ywGca
Christopher,Morgan,"Therapist, music",Mechanical engineer,imckenzie@example.org,New Ashley,(258)286-5379x14289,22217,fS3UO9LI
Molly,Fletcher,Regulatory affairs officer,"Engineer, civil (contracting)",suarezgregory@example.com,East Courtney,(266)891-7253x95097,21129,78JZASNf
Timothy,Powell,Records manager,Sports administrator,ejones@example.org,Michelleview,001-365-801-3484x456,70150,IeIg9zLQ
Jeremy,Green,Insurance account manager,Oceanographer,mmcclure@example.org,New Christopher,250-211-1874x03988,11258,CI7mSI7C
George,Wise,Event organiser,"Doctor, general practice",jacobvasquez@example.com,Randyview,(507)500-0120,6812,jf7X2FCW
Tara,James,"Engineer, materials","Engineer, automotive",duffyjoseph@example.org,West Lisahaven,(795)857-6711x72356,59801,yXyNUUf6
Robert,Ellis,Oceanographer,Environmental education officer,schroederpeter@example.org,Obrienfort,2577819990,5440,eqoUZkh6
Matthew,Glover,Production manager,"Administrator, arts",duranrichard@example.net,Alberthaven,(287)706-5452x65738,80676,irHGsPcS
Margaret,Miller,"Nurse, mental health",Geophysical data processor,heatheredwards@example.org,Luisville,+1-534-744-6946x2475,12928,2A89rHui
Regina,Pittman,"Investment banker, operational",Architectural technologist,deanalexander@example.com,Kevinside,001-795-699-9564x797,52209,uGo8FvK7
Michael,Wallace,Estate manager/land agent,Operational investment banker,mwells@example.net,Wardside,+1-589-285-6430x790,2434,shzjA7ND
Alyssa,Mcgee,Special effects artist,Nature conservation officer,ronaldclark@example.org,Sarachester,+1-435-874-7953x33642,60764,ZuUI2jUM
Susan,Sullivan,Seismic interpreter,"Engineer, broadcasting (operations)",vmoore@example.com,Brianberg,+1-675-481-3552x47264,63657,yeswDJko
Edgar,Craig,Seismic interpreter,Fine artist,pricevanessa@example.org,Lake Gwendolyn,+1-742-601-0361x8932,1490,mXcgQqx9
Selena,Cunningham,Drilling engineer,Music tutor,wtyler@example.com,Knoxfort,+1-904-301-1537x5120,2598,heamqf67
William,Rodgers,Management consultant,Science writer,karias@example.net,Danielleport,+1-735-323-3878x113,15673,l3YGcTs2
Willie,Miranda,"Production designer, theatre/television/film",Field seismologist,castanedaelizabeth@example.com,Jeffreyshire,633.965.2120,39614,YQYgKJBJ
Tommy,Taylor,"Librarian, academic",Race relations officer,darlenesanders@example.org,Andersonmouth,3579979847,93044,jr6wubEj
Ryan,Vance,Recycling officer,"Exhibitions officer, museum/gallery",bridget19@example.com,Gonzaleston,001-848-778-8899,53661,rs66Ta0h
Brooke,Thomas,Tourism officer,"Chemist, analytical",whaynes@example.com,Woodsbury,416-298-0289,64198,9usYaZ7L
Shannon,Smith,"Production assistant, television",Furniture conservator/restorer,andrea95@example.net,Hannahchester,001-842-639-8810,86938,JQ34kMEr
Angela,Gilbert,"Designer, textile",Geochemist,williamsonlinda@example.com,West Meghan,+1-230-997-3391x0778,67086,QVX8N4M1
Justin,Wilson,Architect,"Designer, jewellery",hoganshawn@example.com,East Lindsayton,953-834-3766,90362,sOJMNQ0g
Lee,Guerrero,Local government officer,IT trainer,qnelson@example.com,Port Elijah,(782)447-4851x9713,66180,NdBQSJBg
William,Wood,Professor Emeritus,Dentist,robert96@example.com,North Mark,(700)343-6999,95707,7O4NCTq6
Brittany,Ramos,"Surveyor, insurance","Biochemist, clinical",ariel92@example.net,East Kelly,357.389.5021x0041,21605,F4SNFsQX
Jessica,Haynes,"Producer, radio",Probation officer,amberhoward@example.com,Port Jasonshire,903.205.3677x2190,87730,m3FA5MIQ
Michele,Thompson,Patent attorney,Environmental health practitioner,zlane@example.com,South Juliaborough,(613)994-6975x8095,46526,jRsvTam0
Christopher,Peterson,Engineering geologist,Estate manager/land agent,vwilson@example.com,Zimmermanfort,(230)834-8534,76550,ndUsyN70
Jeffrey,Thomas,Neurosurgeon,Radiation protection practitioner,orobinson@example.org,Danielland,782-687-8460x0874,13402,SYc82T1m
Julie,Walters,Pensions consultant,Multimedia specialist,sarah16@example.net,Rogerside,001-797-280-9122x901,69419,50wuGvnD
Kelly,Brown,"Psychotherapist, dance movement","Scientist, product/process development",erikaowen@example.net,South Scottmouth,7407366748,25155,JbEXxsGa
Jennifer,Gross,"Journalist, broadcasting",Ranger/warden,murphyleah@example.net,Carpenterburgh,6596011377,9912,FMgyvYkW
Beth,Shepard,Fine artist,Visual merchandiser,nicholasmartinez@example.net,New Stevenborough,704-496-0300x5758,87385,RNBN7ylA
Jimmy,Lowery,"Engineer, manufacturing systems","Optician, dispensing",zmalone@example.org,West Melindaside,889-492-1113x7259,63729,ummRjemg
Victor,Holmes,Tourist information centre manager,"Loss adjuster, chartered",hernandezjennifer@example.org,Simmonsbury,(620)847-4786x0087,35385,11c5KJHS
Shannon,Alvarado,Seismic interpreter,"Horticulturist, commercial",welchbrenda@example.net,Catherineberg,559.356.9105,96316,D53E39mN
Justin,White,"Geneticist, molecular",Dispensing optician,oheath@example.com,Rasmussenview,577.595.0959x70965,16670,UG5bzqzQ
Daniel,Mitchell,Clinical molecular geneticist,Primary school teacher,malik24@example.net,Lake Brett,659.825.0528,67161,zc6msXvZ
Bradley,Smith,"Buyer, retail",Tax inspector,dannyjohnson@example.net,Stuartport,9948077488,90265,VQmJs4U0
Richard,Rice,Administrator,English as a second language teacher,villanuevabradley@example.net,Lake Jason,2228769373,75126,G2uWE2ur
Michael,Thomas,"Producer, television/film/video","Programmer, systems",fbarnes@example.com,East Anthony,001-767-366-0623,91938,UhMSLTpE
Lisa,Collins,Geoscientist,"Pharmacist, hospital",gaycole@example.com,Wrightville,497.307.8011x15461,2261,mD6GEhFQ
Nicole,Harris,Chartered legal executive (England and Wales),Lawyer,jedwards@example.com,New Lauraborough,601.388.4995x9868,13508,56opEUtz
Heather,Robinson,Event organiser,Scientific laboratory technician,donald18@example.org,Thomaston,+1-778-895-2497x8382,75942,NC5ztKLK
Jon,Jackson,"Sound technician, broadcasting/film/video",Museum/gallery curator,johnmartin@example.net,East Jose,518.362.9890,42962,FdNUC9YP
Aaron,Williams,Medical laboratory scientific officer,Health and safety inspector,laurapetersen@example.net,Joshuaport,(342)513-8264,27808,IXNh0CF2
David,Smith,Scientific laboratory technician,"Merchandiser, retail",wilsonbenjamin@example.org,Lake Steven,970-472-2588x4117,50026,Y4n4TL4f
Maria,Summers,Proofreader,Dispensing optician,seanfoley@example.com,South Rogerville,726-369-4534,17302,cw9JQv7Q
Michael,Saunders,Arboriculturist,"Sales professional, IT",frankchavez@example.com,Fosterborough,(622)865-9881x2454,75088,ow1Z0taO
Kevin,Hodges,Field trials officer,"Designer, jewellery",elizabeth35@example.org,Lake Margaret,+1-707-419-3782,39545,jvRnSY2C
Susan,Sullivan,Food technologist,Restaurant manager,josephherrera@example.net,Timothyfort,(797)996-1625,91925,sbNybX8c
